{"assets/fonts/Aero.ttf":["assets/fonts/Aero.ttf"],"assets/images/Floridapp3.png":["assets/images/Floridapp3.png"],"assets/images/arteculturaymusica/Mafedir.png":["assets/images/arteculturaymusica/Mafedir.png"],"assets/images/bebidasycomidas/DirPanelas.png":["assets/images/bebidasycomidas/DirPanelas.png"],"assets/images/bellezayspa/MARYKAYADIR.png":["assets/images/bellezayspa/MARYKAYADIR.png"],"assets/images/bellezayspa/dirsafisic.png":["assets/images/bellezayspa/dirsafisic.png"],"assets/images/ic_arte_cultura_y_musica.png":["assets/images/ic_arte_cultura_y_musica.png"],"assets/images/ic_belleza_y_spa.png":["assets/images/ic_belleza_y_spa.png"],"assets/images/ic_centro_turistico.png":["assets/images/ic_centro_turistico.png"],"assets/images/ic_comida_y_bebidas.png":["assets/images/ic_comida_y_bebidas.png"],"assets/images/ic_ferreteria.png":["assets/images/ic_ferreteria.png"],"assets/images/ic_heladeria.png":["assets/images/ic_heladeria.png"],"assets/images/ic_hoteles.png":["assets/images/ic_hoteles.png"],"assets/images/ic_licores_v2.png":["assets/images/ic_licores_v2.png"],"assets/images/ic_moda_y_accesorios.png":["assets/images/ic_moda_y_accesorios.png"],"assets/images/ic_panaderia.png":["assets/images/ic_panaderia.png"],"assets/images/ic_restaurante.png":["assets/images/ic_restaurante.png"],"assets/images/ic_salud_y_bienestar.png":["assets/images/ic_salud_y_bienestar.png"],"assets/images/ic_servicios_para_el_hogar_v2.png":["assets/images/ic_servicios_para_el_hogar_v2.png"],"assets/images/ic_supermercados.png":["assets/images/ic_supermercados.png"],"assets/images/ic_tecnologia_y_hogar.png":["assets/images/ic_tecnologia_y_hogar.png"],"assets/images/modayaccesorios/DirMarce.png":["assets/images/modayaccesorios/DirMarce.png"],"assets/images/panaderiaypasteleria/Dirantojitos.png":["assets/images/panaderiaypasteleria/Dirantojitos.png"],"assets/images/panaderiaypasteleria/Dirvainilla.png":["assets/images/panaderiaypasteleria/Dirvainilla.png"],"assets/images/portada1.png":["assets/images/portada1.png"],"assets/images/portada2.png":["assets/images/portada2.png"],"assets/images/portada3.png":["assets/images/portada3.png"],"assets/images/portada4.png":["assets/images/portada4.png"],"assets/images/restaurantes/Dirburguer.png":["assets/images/restaurantes/Dirburguer.png"],"assets/images/restaurantes/Dirvita.png":["assets/images/restaurantes/Dirvita.png"],"assets/images/serviciosparaelhogar/Dirhogarysueño.png":["assets/images/serviciosparaelhogar/Dirhogarysueño.png"],"assets/images/serviciosparaelhogar/Dirmeji.png":["assets/images/serviciosparaelhogar/Dirmeji.png"],"assets/images/serviciosparaelhogar/Dirpecesyplantas.png":["assets/images/serviciosparaelhogar/Dirpecesyplantas.png"],"assets/images/serviciosparaelhogar/LimpDir.png":["assets/images/serviciosparaelhogar/LimpDir.png"],"assets/images/tecnologiayhogar/DirHyD.png":["assets/images/tecnologiayhogar/DirHyD.png"],"assets/images/tecnologiayhogar/Dircellone.png":["assets/images/tecnologiayhogar/Dircellone.png"],"packages/cupertino_icons/assets/CupertinoIcons.ttf":["packages/cupertino_icons/assets/CupertinoIcons.ttf"]}