{"assets/fonts/Aero.ttf":["assets/fonts/Aero.ttf"],"assets/images/Floridapp1.png":["assets/images/Floridapp1.png"],"assets/images/Floridapp2.png":["assets/images/Floridapp2.png"],"assets/images/Floridapp3.png":["assets/images/Floridapp3.png"],"assets/images/Floridapp4.png":["assets/images/Floridapp4.png"],"assets/images/Nuestrosser1.png":["assets/images/Nuestrosser1.png"],"assets/images/Nuestrosser2.png":["assets/images/Nuestrosser2.png"],"assets/images/Nuestrosser3.png":["assets/images/Nuestrosser3.png"],"assets/images/Nuestrosser4.png":["assets/images/Nuestrosser4.png"],"assets/images/Nuestrosser5.png":["assets/images/Nuestrosser5.png"],"assets/images/Nuestrosser6.png":["assets/images/Nuestrosser6.png"],"assets/images/Nuestrosser7.png":["assets/images/Nuestrosser7.png"],"assets/images/logo_floridapp.png":["assets/images/logo_floridapp.png"],"packages/cupertino_icons/assets/CupertinoIcons.ttf":["packages/cupertino_icons/assets/CupertinoIcons.ttf"]}